{"cameraMode":{"drawMode":0,"name":"Shaded","section":"Shading Mode"},"sceneLighting":true,"audioPlay":false,"sceneViewState":{"m_AlwaysRefresh":false,"showFog":true,"showSkybox":true,"showFlares":true,"showImageEffects":true,"showParticleSystems":true,"showVisualEffectGraphs":true,"m_FxEnabled":true},"in2DMode":false,"pivot":{"x":0.5300002098083496,"y":0.8570637702941895,"z":-8.514440536499024},"rotation":{"x":0.09404736757278443,"y":0.11354857683181763,"z":-0.010845179669559002,"w":0.9890428781509399},"size":3.4269068241119386,"orthographic":false}