{"cameraMode":{"drawMode":0,"name":"Shaded","section":"Shading Mode"},"sceneLighting":true,"audioPlay":false,"sceneViewState":{"m_AlwaysRefresh":false,"showFog":true,"showSkybox":true,"showFlares":true,"showImageEffects":true,"showParticleSystems":true,"showVisualEffectGraphs":true,"m_FxEnabled":true},"in2DMode":false,"pivot":{"x":11.443601608276368,"y":-4.273558616638184,"z":0.6896577477455139},"rotation":{"x":-0.18969596922397614,"y":-0.36075857281684878,"z":0.07519721984863281,"w":-0.9100649356842041},"size":19.760364532470704,"orthographic":false}